"Epic","Feature","Story","FAILED","BROKEN","PASSED","SKIPPED","UNKNOWN"
"","NVIDIA GPU Accelerator","FP32 Matrix Multiplication Throughput","0","0","0","1","0"
"","GPU Performance Benchmarks","Inference FPS Benchmark","0","0","3","0","0"
"","Intel GPU Accelerator","End-to-End Inference Throughput","0","0","0","1","0"
"","NVIDIA GPU Accelerator","Multi-GPU Peer-to-Peer Bandwidth","0","0","0","1","0"
"","cuDNN","Convolution Benchmark","0","0","0","1","0"
"","NVIDIA GPU","CNN Forward Pass Throughput","0","0","0","1","0"
"","DirectML GPU Accelerator","CNN Forward Throughput","0","0","0","1","0"
"","NVIDIA cuDNN Acceleration","FP32 Matrix Multiplication TFLOPS","0","0","0","1","0"
"","TensorFlow Distributed","Multi-GPU Training Simulation","0","0","0","1","0"
"","DirectML GPU Accelerator","FP32 Matrix Multiplication","0","0","0","1","0"
"","GPU Specialized Performance","Mixed Precision Matrix Multiplication","0","0","0","1","0"
"","NVIDIA GPU Accelerator","Kernel Launch Latency","0","0","0","1","0"
"","NVIDIA GPU Accelerator","Host-to-Device Memory Bandwidth","0","0","0","1","0"
"","NVIDIA cuDNN Acceleration","Convolution Forward Pass Throughput","0","0","0","1","0"
"","GPU Resource Management","Memory Allocation and Cleanup","0","0","1","0","0"
"","GPU Deep Learning Workloads","Model Inference Steady-State","0","0","3","0","0"
"","NVIDIA GPU","Sparse EmbeddingBag Lookup","0","0","0","1","0"
"","NVIDIA GPU Accelerator","Multi-GPU All-Reduce Latency","0","0","0","1","0"
"","NVIDIA GPU Accelerator","Device Detection and Info","0","0","0","1","0"
"","NVIDIA GPU","cuDNN RNN (GRU) Throughput","0","0","0","1","0"
"","NVIDIA GPU","Automatic Mixed Precision (AMP) Speedup","0","0","0","1","0"
"","DirectML GPU Accelerator","Mixed Precision Gain","0","0","0","1","0"
"","Intel GPU Accelerator","FP32 Matrix Multiplication","0","0","0","1","0"
"","NVIDIA GPU","DataLoader to GPU Transfer","0","0","0","1","0"
"","AMD GPU Accelerator","Transformer Encoder Latency","0","0","0","1","0"
"","NVIDIA GPU","cuFFT (FFT) Throughput","0","0","0","1","0"
"","NVIDIA GPU","Matrix Multiplication Throughput","0","0","0","1","0"
"","AMD GPU Accelerator","CNN Forward Pass Throughput","0","0","0","1","0"
"","Intel GPU Accelerator","Kernel Launch Overhead","0","0","0","1","0"
"","RAPIDS cuML","GPU Accelerated Linear Regression","0","0","0","1","0"
"","NVIDIA VRAM Management","Maximum Usable Memory Allocation","0","0","0","1","0"
"","AMD GPU Accelerator","Device Memory Bandwidth","0","0","0","1","0"
"","NVIDIA GPU","VRAM Stability Test","0","0","0","1","0"
"","NVIDIA GPU Accelerator","Multi-GPU DDP (NCCL) Throughput","0","0","0","1","0"
"","GPU Deep Learning Workloads","Convolutional Network Forward Pass","0","0","1","0","0"
"","Intel GPU Accelerator","Host-to-Device Latency","0","0","0","1","0"
"","NVIDIA GPU Accelerator","FP16 Tensor Core Throughput","0","0","0","1","0"
"","NVIDIA CUDA Parallelism","Concurrent Stream Execution","0","0","0","1","0"
"","AMD GPU Accelerator","Multi-GPU Sync & Scaling","0","0","0","1","0"
"","System Baseline Benchmarks","CPU Matrix Multiplication Reference","0","1","0","0","0"
"","AMD GPU Accelerator","GPU-CPU Transfer Bandwidth","0","0","0","1","0"
"","NVIDIA GPU","Transformer Encoder Inference","0","0","0","1","0"
"","CUDA Tensor Cores","Matrix Multiply–Accumulate (MMA) TensorCore Benchmark","0","0","0","1","0"
"","Data Pipeline Benchmarks","Simple CPU Data Preprocessing","0","0","1","0","0"
"","AMD GPU Accelerator","VRAM Stability Test","0","0","0","1","0"
"","Python GPU Libraries","CuPy Vectorized Operations","0","0","0","1","0"
"","GPU Core Compute Benchmarks","Matrix Multiplication Performance","0","0","1","0","0"
"","Intel GPU Accelerator","Device Memory Read/Write Bandwidth","0","0","0","1","0"
"","AMD GPU Accelerator","Mixed Precision (BF16) Speedup","0","0","0","1","0"
"","NVIDIA TensorRT","Inference Speedup over PyTorch","0","0","0","1","0"
"","System Resource Monitoring","Idle System Baseline Metrics","0","0","1","0","0"
"","DirectML GPU Accelerator","Memory Alloc/Free Latency","0","0","0","1","0"
"","DirectML GPU Accelerator","Tensor Add Bandwidth","0","0","0","1","0"
"","DirectML GPU Accelerator","Transformer Encoder Latency","0","0","0","1","0"
"","GPU Core Compute Benchmarks","Tensor Arithmetic Operations","0","0","1","0","0"
"","GPU Deep Learning Workloads","Transformer Encoder Inference","0","0","1","0","0"
"","NVIDIA GPU Accelerator","Device-to-Device Memory Bandwidth","0","0","0","1","0"
"","Intel GPU Accelerator","Raw OpenCL Kernel Execution","0","0","0","1","0"
"","PyTorch AMP","Automatic Mixed Precision Matrix Ops","0","0","0","1","0"
"","NVIDIA GPU","GPU ↔ CPU Transfer Bandwidth","0","0","0","1","0"
"","NVIDIA GPU Accelerator","End-to-end Inference Throughput","0","0","0","1","0"
"","DirectML GPU Accelerator","FP16 Matrix Multiplication","0","0","0","1","0"
"","DirectML GPU Accelerator","End-to-End Inference Throughput","0","0","0","1","0"
"","System Parallelism","Multi-Threaded Load Test","0","0","1","0","0"
"","AMD GPU Accelerator","Matrix Multiplication Throughput FP16","0","0","0","1","0"
"","GPU Stability and Stress Testing","Sustained Compute Stress Test","0","0","1","0","0"
"","DirectML GPU Accelerator","BatchNorm Throughput","0","0","0","1","0"
"","NVIDIA cuDNN Acceleration","Recurrent Neural Network (LSTM) Throughput","0","0","0","1","0"
"","AMD GPU Accelerator","End-to-end Inference Throughput","0","0","0","1","0"
"","NVIDIA cuDNN Acceleration","Graph Neural Network (GNN) Throughput","0","0","0","1","0"
